{
  "version": 1,
  "feature_names": [
    "blur_global",
    "blur_small",
    "blur_center",
    "blur_center_wide",
    "blur_top",
    "blur_bottom",
    "grid_median",
    "grid_max",
    "grid_top_quartile",
    "grid_low_half",
    "mean_luminance",
    "luminance_stddev",
    "clipped_dark_ratio",
    "clipped_light_ratio",
    "entropy"
  ],
  "analysis_size": 512,
  "pass_samples": [
    [
      7.7259395275619465,
      7.732635544481872,
      8.17246103896324,
      8.036119851714798,
      7.451160872622954,
      7.9283713408066046,
      7.706963643945431,
      8.340228308389861,
      8.275122456674728,
      7.00786493281602,
      0.2688413076498205,
      0.459001437260868,
      0.1430457746478873,
      0.0004988262910798122,
      0.9224975507355491
    ],
    [
      7.093843050798249,
      6.827756543795561,
      7.4323359039760435,
      7.338271864779354,
      7.413051585001516,
      6.623222093343755,
      7.206354831751812,
      7.838013233954209,
      7.707770979712074,
      6.34888794930865,
      0.3642328316303047,
      0.3241727691964052,
      0.00010269953051643192,
      0.0012030516431924883,
      0.9186812082214805
    ],
    [
      5.451293532889879,
      6.430453668232123,
      5.789873885474615,
      5.670584219068611,
      5.339574729499668,
      5.544963487863931,
      5.558815737624326,
      6.161641088775221,
      5.986196676249725,
      4.78354256641762,
      0.29227361674141794,
      0.39338190957027935,
      0.02118081011730205,
      0.00025201612903225806,
      0.9149289298734422
    ],
    [
      5.976155259951135,
      6.85696033490315,
      6.761940574400722,
      6.4002763250818875,
      5.551226330430155,
      6.250945022320501,
      5.6955444227754715,
      7.434924545789768,
      6.976863637794166,
      4.514116829193018,
      0.18595971425593696,
      0.3776271554633506,
      0.0874209585777126,
      0.00036084127565982405,
      0.8345522627566069
    ],
    [
      5.954833269708229,
      6.747311888204006,
      6.068847207998085,
      5.949123722345711,
      5.315012425890784,
      6.335631602085906,
      5.704314535630921,
      7.46936854322176,
      6.785813546461748,
      4.951032441103531,
      0.39692742474555803,
      0.3740795950800965,
      0.00015464626099706745,
      0.0008591458944281525,
      0.9375125091532759
    ],
    [
      5.5572602010430305,
      6.474958712248157,
      5.919088588592737,
      5.72066016820009,
      4.321028112704225,
      6.085210171532055,
      4.820435189251322,
      6.534299658852552,
      6.4875902844351065,
      4.23573754432882,
      0.4263174918061066,
      0.4504827332971163,
      0.0,
      0.05275728555718475,
      0.9356765188299621
    ],
    [
      5.8863848973382,
      6.746509653244058,
      6.0850463456234705,
      5.868926320726396,
      3.930981870266061,
      6.506524848793116,
      5.14205885026012,
      6.914777866460771,
      6.843085931999785,
      3.93401775957752,
      0.45847569324650683,
      0.481346992418636,
      0.0,
      0.09207752932551319,
      0.9229838466893311
    ]
  ],
  "fail_samples": [
    [
      4.7356850947416245,
      5.2150984375748175,
      4.8377774730583125,
      4.758333304877906,
      4.801583050167833,
      4.662134889213423,
      4.692063488703001,
      5.263343358011731,
      5.156427950489244,
      4.430307285077909,
      0.27929905412869377,
      0.4564508358033644,
      0.06863262910798122,
      0.0,
      0.9202885808484756
    ],
    [
      4.695999337481832,
      5.174005603299496,
      4.725156761528796,
      4.667784684069845,
      4.745083262729738,
      4.646679994011747,
      4.659835910249854,
      5.576316985855423,
      5.164970863752478,
      4.327508185567971,
      0.2737245696400626,
      0.44980594547774877,
      0.06313086854460094,
      0.0,
      0.9178539570692227
    ],
    [
      7.107092532928809,
      6.830855379524227,
      7.381004417704393,
      7.2651365686690355,
      7.402380232876269,
      6.6795703625403915,
      7.245148407568552,
      7.918371718238023,
      7.665525395701557,
      6.460674493783461,
      0.3631492796649176,
      0.3035053936404649,
      2.9342723004694835e-05,
      0.0002494131455399061,
      0.9088676786293887
    ],
    [
      6.755080245039383,
      6.57689289389002,
      6.759051521321472,
      6.826398565282002,
      7.200033311451003,
      5.936278863684946,
      6.781414965684783,
      7.486556497851365,
      7.407005720440885,
      5.851266613371306,
      0.3781370822977078,
      0.4033240504270602,
      0.00010269953051643192,
      0.0005134976525821597,
      0.9334101547980919
    ],
    [
      6.479517568508904,
      6.680235169647527,
      6.392907124616124,
      6.426996641981447,
      6.885188808233725,
      5.796721341936781,
      6.754244826328486,
      7.106071454567297,
      6.983587452736315,
      5.731850839965453,
      0.4510930806523489,
      0.43706951642129765,
      0.0,
      0.046078858137829914,
      0.9370286816848948
    ],
    [
      6.511689762931219,
      6.813773406300249,
      6.527497294206778,
      6.402003653596088,
      6.869554189255229,
      5.958887318240922,
      6.599800110644231,
      7.1713974551601325,
      7.063842915908343,
      5.8511502688786985,
      0.38751365648898856,
      0.37860016630716864,
      0.0,
      0.008694556451612902,
      0.9347194731228048
    ],
    [
      6.113662008474428,
      6.672903417633174,
      6.11708024553271,
      6.129438209510383,
      6.424268072983042,
      5.658070673446471,
      6.117157483690766,
      6.766754692794314,
      6.625837880266074,
      5.557037497788606,
      0.3065644137053648,
      0.4402189243084783,
      0.005830736803519062,
      0.0,
      0.8966910560414639
    ],
    [
      6.69188364331379,
      6.749226856911797,
      6.8573798515995845,
      6.732264252277314,
      7.097980427780227,
      6.002579611706731,
      6.632291205037824,
      7.346216106286045,
      7.242261832843462,
      5.998027064819286,
      0.24358753719596343,
      0.31147395590336985,
      0.012251420454545454,
      0.0,
      0.884848954881075
    ]
  ],
  "scales": [
    0.8273212422476708,
    0.6087429533378346,
    0.8866119697621424,
    0.8804743408796911,
    1.2004121301948292,
    0.7735381649251967,
    0.9579697223313225,
    0.8232308566935086,
    0.8408532413047839,
    0.9093159813375403,
    0.07807122052162374,
    0.0552446238130685,
    0.05,
    0.05,
    0.05
  ]
}